# Copyright (C) 1991-2013 Altera Corporation
# Your use of Altera Corporation's design tools, logic functions 
# and other software and tools, and its AMPP partner logic 
# functions, and any output files from any of the foregoing 
# (including device programming or simulation files), and any 
# associated documentation or information are expressly subject 
# to the terms and conditions of the Altera Program License 
# Subscription Agreement, Altera MegaCore Function License 
# Agreement, or other applicable license agreement, including, 
# without limitation, that your use is for the sole purpose of 
# programming logic devices manufactured by Altera and sold by 
# Altera or its authorized distributors.  Please refer to the 
# applicable agreement for further details.

# Quartus II 64-Bit Version 13.0.1 Build 232 06/12/2013 Service Pack 1 SJ Web Edition
# File: C:\Users\Admin\Desktop\bambi2\hue\daboudebou.csv
# Generated on: Mon Jul 04 16:48:40 2016

# Note: The column header names should not be changed if you wish to import this .csv file into the Quartus II software.

To,Direction,Location,I/O Bank,VREF Group,Fitter Location,I/O Standard,Reserved,Current Strength,Slew Rate,Differential Pair
Bcancela,Input,PIN_D2,1,B1_N0,PIN_D2,,,,,
Bcoin25,Input,PIN_J6,1,B1_N0,PIN_J6,,,,,
Bcoin50,Input,PIN_H5,1,B1_N0,PIN_H5,,,,,
Bcoin100,Input,PIN_H6,1,B1_N0,PIN_H6,,,,,
Brefri,Input,PIN_E3,1,B1_N0,PIN_E3,,,,,
Breset,Input,PIN_F1,1,B1_N0,PIN_F1,,,,,
Bsuco,Input,PIN_E4,1,B1_N0,PIN_E4,,,,,
clock,Input,PIN_G21,6,B6_N1,PIN_G21,,,,,
Dhundreds[7],Output,PIN_A18,7,B7_N0,PIN_A18,,,,,
Dhundreds[6],Output,PIN_F14,7,B7_N0,PIN_F14,,,,,
Dhundreds[5],Output,PIN_B17,7,B7_N1,PIN_B17,,,,,
Dhundreds[4],Output,PIN_A17,7,B7_N1,PIN_A17,,,,,
Dhundreds[3],Output,PIN_E15,7,B7_N0,PIN_E15,,,,,
Dhundreds[2],Output,PIN_B16,7,B7_N1,PIN_B16,,,,,
Dhundreds[1],Output,PIN_A16,7,B7_N1,PIN_A16,,,,,
Dhundreds[0],Output,PIN_D15,7,B7_N0,PIN_D15,,,,,
Dones[6],Output,PIN_F13,7,B7_N1,PIN_F13,,,,,
Dones[5],Output,PIN_F12,7,B7_N1,PIN_F12,,,,,
Dones[4],Output,PIN_G12,7,B7_N1,PIN_G12,,,,,
Dones[3],Output,PIN_H13,7,B7_N1,PIN_H13,,,,,
Dones[2],Output,PIN_H12,7,B7_N1,PIN_H12,,,,,
Dones[1],Output,PIN_F11,7,B7_N1,PIN_F11,,,,,
Dones[0],Output,PIN_E11,7,B7_N1,PIN_E11,,,,,
Dtens[6],Output,PIN_A15,7,B7_N1,PIN_A15,,,,,
Dtens[5],Output,PIN_E14,7,B7_N1,PIN_E14,,,,,
Dtens[4],Output,PIN_B14,7,B7_N1,PIN_B14,,,,,
Dtens[3],Output,PIN_A14,7,B7_N1,PIN_A14,,,,,
Dtens[2],Output,PIN_C13,7,B7_N1,PIN_C13,,,,,
Dtens[1],Output,PIN_B13,7,B7_N1,PIN_B13,,,,,
Dtens[0],Output,PIN_A13,7,B7_N1,PIN_A13,,,,,
Dthousands[6],Output,PIN_G15,7,B7_N0,PIN_G15,,,,,
Dthousands[5],Output,PIN_D19,7,B7_N0,PIN_D19,,,,,
Dthousands[4],Output,PIN_C19,7,B7_N0,PIN_C19,,,,,
Dthousands[3],Output,PIN_B19,7,B7_N0,PIN_B19,,,,,
Dthousands[2],Output,PIN_A19,7,B7_N0,PIN_A19,,,,,
Dthousands[1],Output,PIN_F15,7,B7_N0,PIN_F15,,,,,
Dthousands[0],Output,PIN_B18,7,B7_N0,PIN_B18,,,,,
LedC[7],Output,PIN_J2,1,B1_N1,PIN_J2,,,,,
LedC[6],Output,PIN_J3,1,B1_N1,PIN_J3,,,,,
LedC[5],Output,PIN_H1,1,B1_N1,PIN_H1,,,,,
LedC[4],Output,PIN_F2,1,B1_N0,PIN_F2,,,,,
LedC[3],Output,PIN_E1,1,B1_N0,PIN_E1,,,,,
LedC[2],Output,PIN_C1,1,B1_N0,PIN_C1,,,,,
LedC[1],Output,PIN_C2,1,B1_N0,PIN_C2,,,,,
LedC[0],Output,PIN_B2,1,B1_N0,PIN_B2,,,,,
ledR,Output,PIN_J1,1,B1_N1,PIN_J1,,,,,
ledS,Output,PIN_B1,1,B1_N0,PIN_B1,,,,,
