# Copyright (C) 1991-2013 Altera Corporation
# Your use of Altera Corporation's design tools, logic functions 
# and other software and tools, and its AMPP partner logic 
# functions, and any output files from any of the foregoing 
# (including device programming or simulation files), and any 
# associated documentation or information are expressly subject 
# to the terms and conditions of the Altera Program License 
# Subscription Agreement, Altera MegaCore Function License 
# Agreement, or other applicable license agreement, including, 
# without limitation, that your use is for the sole purpose of 
# programming logic devices manufactured by Altera and sold by 
# Altera or its authorized distributors.  Please refer to the 
# applicable agreement for further details.

# Quartus II 64-Bit Version 13.1.0 Build 162 10/23/2013 SJ Web Edition
# File: C:\Users\aluno\Documents\hue\daboudebou.csv
# Generated on: Tue Jun 21 14:38:04 2016

# Note: The column header names should not be changed if you wish to import this .csv file into the Quartus II software.

To,Direction,Location,I/O Bank,VREF Group,Fitter Location,I/O Standard,Reserved,Current Strength,Slew Rate,Differential Pair
binIN[11],Input,,,,PIN_AA12,,,,,
binIN[10],Input,,,,PIN_AB12,,,,,
binIN[9],Input,PIN_D2,1,B1_N0,PIN_D2,,,,,
binIN[8],Input,PIN_E4,1,B1_N0,PIN_E4,,,,,
binIN[7],Input,PIN_E3,1,B1_N0,PIN_E3,,,,,
binIN[6],Input,PIN_H7,1,B1_N0,PIN_H7,,,,,
binIN[5],Input,PIN_J7,1,B1_N1,PIN_J7,,,,,
binIN[4],Input,PIN_G5,1,B1_N0,PIN_G5,,,,,
binIN[3],Input,PIN_G4,1,B1_N0,PIN_G4,,,,,
binIN[2],Input,PIN_H6,1,B1_N0,PIN_H6,,,,,
binIN[1],Input,PIN_H5,1,B1_N0,PIN_H5,,,,,
binIN[0],Input,PIN_J6,1,B1_N0,PIN_J6,,,,,
Dhundreds[6],Output,PIN_F14,7,B7_N0,PIN_C19,,,,,
Dhundreds[5],Output,PIN_B17,7,B7_N1,PIN_B19,,,,,
Dhundreds[4],Output,PIN_A17,7,B7_N1,PIN_H19,,,,,
Dhundreds[3],Output,PIN_E15,7,B7_N0,PIN_H18,,,,,
Dhundreds[2],Output,PIN_B16,7,B7_N1,PIN_H14,,,,,
Dhundreds[1],Output,PIN_A16,7,B7_N1,PIN_E21,,,,,
Dhundreds[0],Output,PIN_D15,7,B7_N0,PIN_F16,,,,,
Dones[6],Output,PIN_F13,7,B7_N1,PIN_B16,,,,,
Dones[5],Output,PIN_F12,7,B7_N1,PIN_H17,,,,,
Dones[4],Output,PIN_G12,7,B7_N1,PIN_E15,,,,,
Dones[3],Output,PIN_H13,7,B7_N1,PIN_H13,,,,,
Dones[2],Output,PIN_H12,7,B7_N1,PIN_A20,,,,,
Dones[1],Output,PIN_F11,7,B7_N1,PIN_A17,,,,,
Dones[0],Output,PIN_E11,7,B7_N1,PIN_B17,,,,,
Dtens[6],Output,PIN_A15,7,B7_N1,PIN_C17,,,,,
Dtens[5],Output,PIN_E14,7,B7_N1,PIN_J17,,,,,
Dtens[4],Output,PIN_B14,7,B7_N1,PIN_H20,,,,,
Dtens[3],Output,PIN_A14,7,B7_N1,PIN_H15,,,,,
Dtens[2],Output,PIN_C13,7,B7_N1,PIN_F22,,,,,
Dtens[1],Output,PIN_B13,7,B7_N1,PIN_B20,,,,,
Dtens[0],Output,PIN_A13,7,B7_N1,PIN_B18,,,,,
Dthousands[6],Output,PIN_G15,7,B7_N0,PIN_K17,,,,,
Dthousands[5],Output,PIN_D19,7,B7_N0,PIN_D21,,,,,
Dthousands[4],Output,PIN_C19,7,B7_N0,PIN_D15,,,,,
Dthousands[3],Output,PIN_B19,7,B7_N0,PIN_H16,,,,,
Dthousands[2],Output,PIN_A19,7,B7_N0,PIN_A18,,,,,
Dthousands[1],Output,PIN_F15,7,B7_N0,PIN_D22,,,,,
Dthousands[0],Output,PIN_B18,7,B7_N0,PIN_AA17,,,,,
